{"threshold": 0.001, "transition_matrix": [[0.4642857142857143, 0.4107142857142857, 0.125], [0.39622641509433965, 0.49056603773584906, 0.11320754716981132], [0.6923076923076923, 0.23076923076923078, 0.07692307692307693]]}